|ADP|LEON|64
|ADP|JEENA|65
|ADP|DIEORK|56
|ADP|ALUS|50
|ADP|IRIS|36
|ADP|VANESSA|38
|ADP|SAEKI|31
|ADP|HACKER|29
|ADP|TAKAGI|39
|ADP|RIPPER|49
|BGC|PRISS|75
|BGC|SYLIA|74
|BGC|LINNA|60
|BGC|NENE|55
|BGC|MACKIE|51
|BGC|DR. RAVEN|47
|BGC|FARGO|47
|BGC|QUINCY|68
|BGC|MASON|61
|BGC|MADIGAN|50
|BGC|MIRIAM|48
|BGC|LEON|74
|BGC|DALEY|60
|BGC|TODO|52
|BGC|ADP OFFICER|49
|BGC|VISION|61
|BGC|KOU|67
|BGC|IRENE|34
|BGC|CHONGK|39
|BGC|GIBSON|60
|BGC|NAOMI|29
|BGC|MCLAREN|41
|BGC|LISA|56
|BGC|KAUFMAN|39
|BGC|FLINT|53
|BGC|SCHWARTZ|49
|BGC|STINGRAY|50
|BGCR|LANDO|64
|BGCR|YURI|45
|BGCR|HAYNES|40
|BGCR|MANAGER|25
|BGCR|CHIEF|20